{ "balls" :1, "onestar" :50, "twostar" :300, "threestar" :750,"bricks" :[{ "x":179.231659, "y":530.913635, "type":0 },{ "x":305.023987, "y":436.069916, "type":0 },{ "x":429.818146, "y":359.196320, "type":0 }]}