{ "balls" :1, "onestar" :1000, "twostar" :1200, "threestar" :1300,"bricks" :[{ "x":89.380341, "y":615.772583, "type":0 },{ "x":227.153000, "y":540.896851, "type":0 },{ "x":377.904144, "y":456.036346, "type":0 },{ "x":514.678650, "y":374.171143, "type":0 }]}