{ "balls" :2, "onestar" :100, "twostar" :200, "threestar" :350,"bricks" :[{ "x":201.195206, "y":589.815552, "type":0 },{ "x":426.823639, "y":421.093506, "type":0 }]}