{ "balls" :3, "onestar" :400, "twostar" :550, "threestar" :600,"bricks" :[{ "x":107.350449, "y":597.802429, "type":0 },{ "x":104.355164, "y":358.197357, "type":0 },{ "x":402.862976, "y":224.418137, "type":0 },{ "x":475.743164, "y":463.024292, "type":0 }]}