{ "balls" :4, "onestar" :400, "twostar" :550, "threestar" :600,"bricks" :[{ "x":485.726379, "y":297.297516, "type":0 },{ "x":146.285934, "y":548.883728, "type":0 },{ "x":166.262604, "y":588.822937, "type":2 },{ "x":463.762817, "y":337.234589, "type":2 }]}