{ "balls" :2, "onestar" :100, "twostar" :300, "threestar" :450,"bricks" :[{ "x":228.151154, "y":539.897888, "type":2 },{ "x":364.925659, "y":465.022186, "type":2 },{ "x":231.146439, "y":382.158020, "type":2 }]}